"PATH_ROW","DATE"
"001-028","1973-03-07/1975-09-11/1976-07-31"
"002-028","1974-06-01"
"003-027","1975-08-08/1975-11-06"
"004-027","1973-10-30/1976-08-03"
"005-023","1974-07-28/1976-06-29"
"005-027","1974-06-04/1975-08-28/1976-06-29"
"005-028","1975-08-28"
"006-022","1973-09-26/1976-06-30/1976-08-05"
"006-024","1976-10-16"
"006-028","1973-09-26"
"006-029","1974-06-05"
"007-024","1976-07-19"
"007-025","1972-08-27/1973-09-09/1973-11-20/1975-09-17/1975-10-05/1976-05-26/1976-07-19"
"007-029","1973-12-08/1974-01-13"
"008-021","1975-07-08"
"008-025","1972-09-15/1972-10-03/1974-06-25/1974-07-13/1975-08-31/1976-07-20/1976-08-07"
"008-026","1972-09-15/1972-10-03/1972-10-21/1973-02-06/1973-09-28/1974-01-14/1974-02-19/1974-03-09/1974-07-13/1974-09-05/1974-09-23/1975-02-14/1975-08-31/1976-07-20/1976-08-07/1976-09-30"
"008-051","1973-01-19"
"009-015","1972-10-04/1975-09-19"
"009-022","1974-09-06"
"009-025","1972-10-22/1974-09-06/1975-07-09/1976-07-21/1976-08-26"
"009-026","1972-08-29/1972-10-04/1973-10-17/1974-05-03/1974-09-06/1974-09-24/1975-07-09/1976-02-28/1976-08-26"
"009-027","1975-11-30"
"009-030","1975-10-25"
"010-014","1976-10-02"
"010-024","1976-08-09"
"010-025","1973-10-18"
"010-030","1972-10-05/1973-04-21/1973-09-30/1974-06-09/1974-10-13/1976-02-29/1976-05-11"
"011-014","1974-05-05"
"011-023","1972-08-31"
"011-030","1973-10-01"
"012-021","1976-08-11"
"012-030","1973-02-10/1973-10-02/1976-03-20"
"013-012","1976-07-07"
"014-020","1972-08-16"
"014-021","1974-07-01"
"014-023","1972-09-03"
"014-032","1975-02-02"
"014-035","1974-01-20"
"015-016","1974-10-18/1975-08-02"
"015-017","1972-09-04/1974-09-12"
"015-018","1972-08-17/1972-09-04"
"015-019","1973-09-17"
"015-020","1972-09-04/1975-08-02"
"015-036","1973-02-13"
"016-017","1972-08-18"
"016-019","1974-07-21/1975-06-28/1975-08-03/1976-07-10/1976-07-28"
"016-022","1976-07-10"
"016-024","1977-09-12"
"016-030","1976-01-30"
"017-016","1977-09-13"
"017-017","1972-10-30/1973-09-01/1977-08-26/1977-09-13"
"017-018","1974-08-09/1975-07-17/1977-08-26/1977-09-13"
"017-019","1972-08-19/1977-09-13"
"017-020","1977-09-13"
"017-021","1972-08-19"
"017-022","1976-10-09"
"017-023","1975-05-24"
"017-024","1975-05-24"
"017-035","1973-04-10"
"017-043","1974-02-10/1974-02-28/1977-12-12"
"018-016","1972-08-02/1974-07-05/1974-07-23/1975-06-30/1975-08-23/1976-07-12"
"018-018","1972-10-13/1974-07-05/1975-06-30/1976-07-30/1977-09-14"
"018-019","1974-07-05/1974-08-10/1975-06-30/1976-07-30/1977-09-14"
"018-021","1977-10-02"
"018-022","1974-08-10"
"018-023","1976-08-17/1977-10-20"
"018-034","1976-03-08"
"018-035","1974-03-19/1976-04-13"
"019-014","1977-07-23"
"019-016","1972-09-08/1974-07-24/1975-08-24/1976-08-18/1977-09-15"
"019-017","1976-07-13/1976-08-18/1977-09-15"
"019-018","1974-07-06/1975-08-24/1976-08-18/1977-07-23/1977-09-15"
"019-019","1974-07-06/1977-07-23"
"019-020","1974-07-24/1976-08-18/1976-10-11"
"019-021","1974-07-06/1974-07-24/1975-08-24"
"019-022","1975-05-26"
"019-023","1976-10-11/1977-06-17"
"019-029","1974-08-29"
"020-014","1976-08-01"
"020-015","1975-08-25"
"020-016","1973-09-04/1974-07-07/1974-07-25/1975-07-02/1975-08-25/1976-07-14/1976-08-01"
"020-017","1973-09-22/1975-08-25"
"020-018","1973-09-22/1974-07-07/1975-07-02/1976-07-14/1977-09-16"
"020-019","1974-07-07/1974-07-25/1976-09-06"
"020-020","1973-09-04/1974-07-25/1976-06-26"
"020-021","1975-07-20"
"021-013","1977-07-25"
"021-014","1977-07-25"
"021-015","1976-09-07"
"021-016","1974-07-08/1974-07-26"
"021-017","1974-07-26"
"021-018","1976-06-27"
"021-019","1974-07-26/1977-07-25"
"021-024","1972-08-23/1972-09-28/1975-05-10"
"022-012","1974-09-01/1977-07-26"
"022-014","1973-09-24/1974-07-27/1974-09-01"
"022-015","1974-07-09/1977-07-26"
"022-017","1975-06-16/1977-07-26"
"022-018","1974-06-21/1974-07-27/1975-06-16"
"022-019","1975-06-16/1976-09-08/1977-07-26"
"022-023","1975-07-04/1975-08-27/1976-06-28"
"022-024","1976-09-26"
"022-034","1974-03-23/1975-04-05"
"023-012","1974-07-28/1975-08-28/1977-07-27"
"023-013","1974-09-02/1975-08-28"
"023-014","1974-07-28/1975-06-17"
"023-015","1974-07-28/1974-09-02/1975-08-28/1977-07-27"
"023-017","1974-07-10/1975-08-28"
"023-018","1973-10-13/1974-07-10/1974-07-28"
"023-019","1974-06-22/1974-07-10/1974-07-28/1975-08-10/1976-06-29/1977-06-21"
"023-020","1974-06-22/1974-08-15"
"023-021","1972-08-25/1974-06-22"
"023-022","1973-09-25/1975-10-21/1976-06-29/1977-09-19"
"023-023","1973-09-25/1975-10-21/1976-06-29/1977-09-19/1977-10-07"
"023-024","1972-09-12/1973-03-29/1975-05-12/1975-10-21/1977-10-07"
"024-011","1975-08-29"
"024-012","1972-08-26/1974-07-29/1976-08-05/1976-09-28/1977-09-02"
"024-013","1972-08-26/1974-07-29/1976-08-05/1977-09-02"
"024-014","1973-09-08/1974-07-29/1974-09-03/1975-07-06/1975-08-29"
"024-015","1972-08-26/1973-09-08/1974-07-29/1974-09-03/1975-07-06/1975-08-29/1977-09-02"
"024-016","1973-09-08/1974-06-23/1975-07-06/1975-08-29/1977-09-02"
"024-017","1974-07-29/1976-09-28"
"024-018","1972-08-26/1974-06-23"
"024-019","1974-06-05/1975-08-29"
"024-020","1973-09-26/1973-10-14/1975-08-29"
"024-021","1972-09-13/1973-09-26/1973-10-14/1974-06-23/1976-06-30/1977-06-22"
"024-022","1972-08-26/1973-09-26/1974-06-05/1974-10-09/1975-05-13/1975-08-29/1975-10-04/1976-06-30/1976-08-23"
"024-023","1974-06-05/1975-10-04/1976-06-30/1976-08-23"
"024-024","1974-06-05/1975-05-13/1975-10-04/1977-09-02"
"024-032","1974-02-17"
"024-040","1973-11-19/1973-12-07/1974-10-09/1975-10-04/1975-11-27/1976-01-20/1976-02-25/1976-08-05"
"025-012","1973-09-09/1975-08-30"
"025-013","1975-08-30"
"025-014","1974-06-24/1974-07-30/1975-06-19/1976-07-19"
"025-015","1973-09-09"
"025-016","1973-09-09/1973-10-15/1974-07-12/1974-07-30/1975-06-19/1975-07-07/1975-08-12/1976-07-19"
"025-017","1973-09-09/1973-10-15/1974-07-12/1974-07-30/1974-09-22/1975-06-19/1975-07-07/1975-08-12/1975-08-30/1976-07-19"
"025-018","1975-08-12"
"025-021","1972-10-02/1973-09-09/1974-06-06/1974-06-24/1974-09-22/1975-07-07/1975-08-30/1976-08-06"
"025-022","1972-10-02/1974-07-30/1974-09-22"
"025-023","1972-10-02/1973-09-09/1974-06-24"
"025-039","1975-03-03/1976-07-01"
"025-040","1972-08-27/1974-10-10"
"026-012","1974-07-31/1974-09-05"
"026-013","1972-08-10/1972-08-28/1974-07-31/1977-07-30"
"026-014","1972-08-28/1973-09-10/1974-07-13/1974-07-31/1974-09-05/1975-08-13/1976-07-20/1977-07-30"
"026-015","1973-09-10/1974-09-05"
"026-016","1972-08-10/1972-09-15/1973-10-16/1974-06-25/1974-07-31/1974-09-05/1974-09-23/1975-08-13/1976-07-20"
"026-017","1972-08-10/1972-08-28/1973-09-10/1973-10-16/1974-07-13/1974-07-31/1974-09-23/1975-08-13"
"026-021","1972-08-10/1974-06-25"
"026-022","1972-08-10/1973-09-10/1976-08-07"
"026-023","1974-07-31"
"026-024","1972-10-03/1973-09-28"
"026-033","1973-01-19/1975-03-22"
"026-034","1975-05-15/1976-03-16"
"026-035","1973-02-06"
"027-012","1974-09-06/1975-07-09/1975-08-14"
"027-013","1974-09-06/1975-08-14"
"027-014","1972-08-29/1974-06-26/1974-08-01/1975-08-14"
"027-015","1972-08-29/1974-08-01/1975-08-14/1976-07-03"
"027-016","1972-08-29/1974-08-01/1975-08-14/1976-07-03"
"027-017","1972-08-29"
"027-021","1972-10-04/1974-07-14/1976-07-03"
"027-022","1973-09-29/1974-06-26"
"027-023","1972-10-04/1976-07-21"
"027-033","1973-01-02/1973-02-25"
"027-035","1976-08-08"
"027-036","1973-02-25/1975-03-05"
"028-011","1975-08-15"
"028-012","1974-08-02/1975-08-15"
"028-014","1972-08-12/1975-08-15"
"028-015","1974-06-27/1975-07-10/1975-08-15"
"028-016","1972-08-12/1974-08-02/1975-07-10/1975-08-15/1976-08-09/1977-08-19"
"028-021","1973-10-18/1975-06-22"
"028-022","1973-10-18/1975-06-22/1976-10-02"
"028-039","1975-02-16"
"028-041","1973-12-11"
"028-045","1973-02-26"
"029-012","1974-08-03/1975-08-16/1976-07-23"
"029-015","1973-07-21/1974-06-28/1974-08-03/1976-07-23/1976-08-10"
"029-016","1972-08-13/1974-06-28/1974-07-16/1974-08-03/1975-08-16/1976-07-23/1976-08-10"
"029-020","1974-08-21/1976-07-05/1976-07-23/1976-09-15"
"029-021","1976-07-05/1976-07-23"
"029-043","1973-01-04"
"030-010","1975-08-17"
"030-011","1975-08-17/1976-07-24"
"030-012","1975-08-17"
"030-013","1974-08-04/1976-07-24"
"030-015","1974-06-29/1975-08-17"
"030-016","1972-07-27/1973-09-14/1974-06-29/1974-07-17/1974-08-22/1975-06-24/1975-08-17/1976-07-24/1976-08-11"
"030-020","1972-09-01/1972-09-19/1973-10-02/1974-08-04/1975-06-24/1976-06-18/1976-07-06/1976-07-24"
"030-021","1972-09-19/1973-10-02"
"030-022","1976-06-18"
"030-024","1975-06-24/1976-07-06"
"030-025","1975-06-24/1976-08-29"
"031-011","1973-08-28/1976-07-25/1976-08-12"
"031-013","1976-07-25"
"031-014","1976-07-25/1977-06-29"
"031-015","1973-09-15/1974-07-18/1974-08-05/1976-07-25"
"031-016","1973-09-15/1974-07-18"
"031-020","1972-09-02/1974-07-18/1974-08-05/1975-06-25/1976-06-19/1976-07-07/1976-08-12"
"031-021","1975-06-25"
"031-025","1972-10-26/1977-07-17"
"031-026","1973-05-12/1973-08-28/1974-08-05/1975-07-13/1975-07-31/1976-06-19"
"031-038","1972-08-15"
"031-040","1976-01-09"
"032-010","1972-08-16/1972-09-03/1973-08-29/1974-07-19/1975-06-26/1977-08-23"
"032-011","1975-06-26/1976-07-26"
"032-014","1972-08-16/1975-06-26/1977-08-23"
"032-015","1974-07-19/1975-06-26/1976-07-26/1977-09-10"
"032-020","1974-06-13/1974-07-19/1975-06-08/1975-08-19/1976-07-08"
"032-021","1974-08-06"
"032-024","1974-08-24/1975-06-08"
"032-037","1974-02-25/1975-04-15"
"032-038","1975-10-12"
"033-008","1975-06-27/1976-07-27"
"033-010","1972-08-17/1975-06-27/1976-08-14/1977-08-24"
"033-011","1972-08-17/1974-07-02/1974-07-20/1975-06-27/1975-08-02/1975-08-20/1976-08-14/1977-08-24"
"033-014","1972-08-17/1974-08-07/1975-08-02/1975-08-20/1976-07-27/1977-07-01/1977-09-29"
"033-015","1974-08-07/1975-06-27/1976-08-14"
"033-019","1973-08-30/1975-07-15/1975-08-20/1976-07-27/1976-08-14/1976-09-01/1977-07-01/1977-09-29"
"033-020","1972-08-17/1974-05-27/1975-07-15"
"033-021","1975-10-13"
"033-026","1974-06-14"
"033-043","1974-11-23"
"034-008","1972-08-18/1976-07-28"
"034-009","1972-08-18/1973-08-31/1975-06-28/1975-08-21/1976-07-28/1976-08-15/1977-08-25"
"034-010","1977-08-07"
"034-011","1975-06-28/1975-08-21/1976-08-15/1977-08-07"
"034-012","1977-08-25"
"034-013","1977-08-07"
"034-014","1975-06-28/1975-08-21/1976-08-15/1976-09-02"
"034-015","1975-06-28/1976-09-02/1976-09-20/1977-07-20/1977-08-07"
"034-016","1975-06-28/1976-07-10/1976-07-28/1976-08-15/1976-09-20/1977-07-20"
"034-017","1973-07-26/1976-07-10/1976-07-28/1977-08-07"
"034-019","1972-10-11/1973-06-02/1974-05-28/1974-06-15/1975-09-08/1976-06-22/1976-08-15/1976-09-02/1977-06-14"
"034-020","1972-10-11/1973-10-24/1975-03-12/1976-09-02/1977-06-14"
"034-023","1976-03-06"
"034-040","1972-12-04"
"034-041","1973-02-14"
"034-042","1974-11-24"
"034-044","1974-11-24"
"035-009","1973-09-01/1975-08-04/1977-08-08/1977-08-26"
"035-010","1975-08-22/1977-08-08"
"035-011","1973-09-01/1975-06-29/1975-08-04"
"035-012","1974-07-04/1976-07-29/1977-08-08"
"035-014","1975-08-04/1976-07-29"
"035-015","1976-07-11/1976-08-16/1977-08-08"
"035-016","1974-07-22/1975-07-17/1975-08-22/1977-08-08"
"035-017","1976-06-23/1976-07-29/1977-09-13/1977-10-01"
"035-018","1974-07-04/1975-09-09/1976-07-11/1976-07-29"
"035-019","1973-09-01/1974-07-04/1976-08-16/1976-09-21"
"035-022","1976-07-29"
"035-023","1976-03-07"
"035-026","1975-08-04/1976-09-21"
"035-044","1972-08-01/1973-01-28"
"036-009","1973-09-02"
"036-010","1972-08-20"
"036-011","1975-08-05"
"036-013","1976-09-04/1977-08-09"
"036-014","1974-07-23/1975-07-18/1977-10-02"
"036-016","1973-09-20/1974-07-05/1976-07-12/1976-07-30/1977-10-02"
"036-017","1976-07-30/1976-08-17/1977-08-09"
"036-018","1973-09-02/1974-07-23/1976-07-30/1976-08-17/1977-10-02"
"036-019","1977-10-02"
"036-020","1976-10-10"
"036-022","1975-02-06"
"036-025","1977-07-04"
"036-026","1972-10-13/1973-04-11/1974-07-23/1975-06-30/1975-08-23/1975-11-03/1976-04-13/1976-09-22/1977-10-02"
"036-043","1973-01-29"
"036-044","1973-01-29/1973-03-24"
"037-009","1976-07-31/1976-08-18"
"037-010","1975-08-06/1976-09-05"
"037-011","1973-09-03/1975-08-06/1976-07-31/1977-07-23"
"037-013","1976-07-31"
"037-014","1975-07-01/1977-07-23"
"037-015","1974-07-24"
"037-016","1973-09-03/1977-07-23"
"037-018","1973-09-21"
"037-025","1973-04-12/1975-11-04/1976-09-23/1976-10-11"
"037-026","1974-04-25"
"037-039","1972-11-01/1975-02-07/1976-03-27"
"037-042","1973-01-12"
"037-043","1973-01-12/1973-03-07"
"038-009","1975-06-14/1975-07-02/1976-07-14/1977-07-24/1977-08-29"
"038-010","1974-07-25"
"038-013","1977-10-04"
"038-014","1974-07-25/1975-07-02/1975-08-07/1976-08-01/1977-08-29"
"038-015","1977-08-29/1977-10-04"
"038-016","1976-06-26/1977-08-29"
"038-017","1973-10-10"
"038-018","1974-06-01/1975-07-02/1976-06-26"
"038-019","1974-06-19/1976-05-21"
"038-025","1973-04-13/1974-04-26/1975-09-12/1975-10-18/1975-11-05/1977-05-13/1977-10-22"
"038-026","1974-04-26/1974-05-14"
"038-027","1973-03-08/1976-05-03"
"038-028","1972-08-22/1974-09-17/1977-09-16"
"038-031","1972-08-22"
"038-036","1972-08-22"
"038-038","1976-10-12"
"038-039","1975-02-08/1975-12-29/1976-01-16"
"038-041","1973-01-31/1973-03-08/1974-11-10"
"038-042","1972-11-20/1973-03-26"
"038-043","1972-08-22"
"039-009","1974-07-08/1974-07-26/1976-07-15"
"039-010","1974-07-08/1974-07-26/1975-06-15/1976-07-15/1977-07-25/1977-08-30"
"039-011","1977-08-30"
"039-013","1976-07-15/1977-07-25"
"039-014","1974-06-20"
"039-015","1973-09-23/1974-06-20/1974-07-08"
"039-016","1973-09-23"
"039-017","1975-07-03/1976-06-27"
"039-018","1973-09-23/1976-06-27/1976-08-02"
"039-019","1976-06-27"
"039-026","1973-09-05/1974-04-09/1975-04-22/1976-03-29"
"039-027","1976-07-15"
"039-033","1975-04-22"
"039-034","1972-08-05"
"039-039","1974-11-11"
"039-040","1974-11-11"
"040-006","1974-08-14/1977-08-31"
"040-009","1975-08-27/1977-07-26"
"040-010","1975-08-27/1977-07-26"
"040-011","1973-09-06/1977-08-31"
"040-014","1972-08-24/1975-08-09/1977-09-18"
"040-015","1977-09-18"
"040-016","1973-06-08/1975-08-27/1977-06-20/1977-09-18/1977-10-06"
"040-017","1972-08-24/1973-09-06/1975-08-27/1976-09-26/1977-06-20/1977-10-06"
"040-018","1975-05-11/1976-07-16/1976-08-03/1976-09-26/1977-07-26"
"040-025","1973-03-28/1975-05-11"
"040-026","1972-09-29/1976-03-30"
"040-035","1974-05-16"
"040-038","1972-09-29/1973-03-28/1974-03-23/1975-02-28"
"040-039","1972-09-29/1972-11-22/1973-10-30/1973-11-17/1974-11-12/1975-01-05/1975-03-18/1975-10-02/1975-12-13/1976-01-18/1977-10-24"
"040-040","1972-09-29/1973-11-17"
"040-041","1973-02-02"
"041-009","1972-08-25"
"041-011","1976-07-17"
"041-012","1975-07-05/1976-07-17"
"041-014","1973-06-27/1976-07-17/1976-08-22"
"041-015","1972-08-25/1975-07-05"
"041-017","1972-08-25/1975-07-05"
"041-020","1973-05-22/1975-05-12"
"041-021","1972-10-18"
"041-032","1976-05-24/1976-08-04"
"041-037","1973-03-29"
"041-038","1973-02-03/1973-03-11/1976-03-13"
"041-039","1976-10-15"
"041-040","1973-04-16"
"042-009","1974-07-11/1974-07-29/1975-08-11"
"042-010","1974-07-11/1975-08-11"
"042-011","1974-07-11/1975-06-18/1976-07-18/1977-06-22"
"042-012","1974-07-11/1977-09-02"
"042-013","1974-06-23/1974-07-11/1975-08-11/1977-09-02"
"042-014","1974-06-23/1975-08-11"
"042-015","1977-06-22"
"042-016","1977-06-22/1977-09-20"
"042-017","1972-08-08/1973-05-23/1975-08-11/1977-09-20"
"042-018","1976-07-18"
"042-020","1976-07-18"
"042-031","1974-03-07"
"042-034","1975-03-20"
"042-037","1973-01-17"
"042-039","1978-01-06"
"043-009","1974-07-12"
"043-010","1972-08-27/1973-07-17/1974-07-30/1975-08-12"
"043-011","1973-09-09/1974-07-12/1975-06-19"
"043-013","1974-07-12/1976-08-24"
"043-017","1973-06-11"
"043-019","1977-07-29"
"043-040","1974-06-24"
"044-009","1972-08-28/1974-06-25/1974-07-13/1974-07-31/1976-07-20/1977-07-30"
"044-010","1972-08-28/1975-07-08"
"044-011","1974-07-13/1977-07-12"
"044-013","1974-07-13"
"044-014","1976-07-02"
"044-015","1972-08-10/1975-07-08/1976-07-02/1976-07-20"
"044-016","1972-09-15/1974-07-13/1974-07-31/1976-07-02/1976-09-30"
"044-017","1973-05-25/1974-06-25/1974-07-13/1974-07-31/1976-08-07/1976-09-30/1977-08-17"
"044-033","1972-08-10"
"044-034","1975-04-09"
"045-008","1974-08-01"
"045-009","1973-08-06/1975-07-09/1976-07-21"
"045-010","1972-08-29/1974-08-01/1975-07-09/1976-07-21"
"045-011","1974-06-26/1976-07-21"
"045-012","1975-07-09/1976-07-21"
"045-014","1977-09-23"
"045-015","1974-07-14"
"045-016","1972-08-29/1975-06-03/1975-07-09"
"045-032","1974-07-14"
"046-004","1974-08-02"
"046-009","1974-08-02/1975-06-22/1975-08-15/1976-07-22"
"046-010","1975-08-15/1976-07-22"
"046-011","1974-08-02"
"046-014","1974-06-27/1975-06-22/1975-08-15/1976-08-27"
"046-015","1974-06-27/1974-08-02/1976-07-22/1976-08-27"
"046-016","1972-08-30/1974-06-09/1974-06-27/1975-06-22/1976-08-27/1977-09-06"
"046-017","1975-06-22/1975-07-10/1976-08-09/1977-09-06"
"046-018","1974-06-09/1975-04-11"
"047-004","1974-08-03"
"047-007","1974-08-03/1975-08-16"
"047-009","1975-06-23/1975-08-16/1976-07-23"
"047-010","1975-08-16/1976-07-05/1977-09-07"
"047-011","1975-06-23/1975-08-16/1977-09-07"
"047-012","1972-09-18/1975-08-16/1976-08-28/1977-09-07"
"047-013","1972-09-18/1974-08-03/1975-06-23/1976-07-23"
"047-015","1975-08-16/1975-09-03"
"047-017","1974-07-16/1975-06-05"
"048-007","1974-08-04/1975-08-17"
"048-008","1975-06-24/1975-08-17"
"048-009","1975-06-24/1975-08-17/1976-07-24"
"048-010","1975-08-17/1976-07-24"
"048-011","1975-06-24/1976-07-24"
"048-012","1975-08-17"
"048-013","1976-08-29"
"048-014","1972-09-01/1973-10-02/1974-06-29/1974-08-04/1974-08-22"
"048-015","1972-07-27/1972-09-01/1974-08-22/1975-06-24/1975-09-22"
"048-016","1973-05-11"
"048-017","1973-10-02/1973-10-20/1974-05-06/1975-05-19"
"048-034","1973-04-23/1974-02-05/1974-02-23/1974-03-13"
"049-008","1972-08-16/1974-08-05/1974-08-23/1976-07-25"
"049-009","1972-08-16/1974-07-18/1974-08-05/1974-08-23/1975-06-25/1976-07-25/1976-08-12"
"049-010","1974-07-18/1975-08-18/1975-09-05/1976-07-25/1976-08-12"
"049-011","1976-08-12"
"049-012","1975-08-18/1976-07-25/1977-09-09"
"049-013","1976-07-25"
"049-014","1975-06-25/1975-08-18/1976-08-30"
"049-015","1974-07-18/1974-08-05/1976-07-25/1976-08-12"
"049-016","1975-09-23"
"050-006","1977-08-05"
"050-007","1977-08-05/1977-08-23"
"050-008","1972-08-16/1972-09-03/1974-07-19/1975-06-26"
"050-009","1972-09-03/1977-08-05"
"050-010","1974-07-19/1975-06-26/1975-07-14"
"050-011","1974-07-19/1975-07-14/1976-08-31"
"050-012","1972-08-17/1974-07-19/1975-06-26"
"050-013","1975-06-26/1977-08-23"
"050-014","1975-07-14"
"050-015","1975-08-19"
"050-016","1975-10-12"
"051-007","1975-08-20/1976-07-27/1977-08-06"
"051-008","1974-07-20/1975-08-20/1977-08-06"
"051-009","1974-07-20/1975-06-27/1975-08-20/1976-07-27/1977-08-06"
"051-010","1974-07-20/1975-08-20/1976-07-27"
"051-011","1972-08-17/1974-07-02/1974-07-20/1975-06-27/1975-07-15/1975-08-20/1976-07-27/1976-09-01/1977-08-06/1977-09-11"
"051-012","1974-07-02/1975-06-27/1977-08-06/1977-08-24"
"051-013","1976-07-27"
"051-014","1975-06-27/1975-07-15/1976-07-27"
"051-015","1976-09-01/1977-06-13"
"051-016","1972-08-17/1972-09-22/1977-06-13"
"051-027","1972-09-04"
"052-008","1977-08-07"
"052-009","1973-08-31/1974-08-08/1974-08-26/1977-08-07/1977-08-25"
"052-010","1973-08-31/1975-08-21"
"052-011","1973-09-18/1974-07-21/1974-08-08/1975-06-28/1975-08-21/1977-08-25"
"052-012","1975-06-28/1975-07-16/1975-08-21"
"052-013","1972-08-18"
"052-014","1974-08-26/1976-09-20/1977-09-12"
"052-015","1972-07-31/1972-09-23/1974-07-21/1975-08-21/1976-09-20/1977-06-14/1977-09-12"
"052-018","1974-07-21"
"053-008","1975-08-22/1977-07-21"
"053-009","1974-08-09/1974-08-27/1977-08-26"
"053-010","1977-08-26"
"053-011","1973-07-09/1973-09-01/1974-07-22/1975-06-29"
"053-012","1973-07-09"
"053-013","1975-08-04"
"053-014","1976-09-21/1977-07-21"
"053-015","1977-06-15"
"053-016","1976-09-21/1977-07-21"
"053-018","1976-06-05"
"054-008","1977-07-22"
"054-010","1977-07-22"
"054-011","1975-06-30/1977-07-22"
"054-012","1974-07-23/1974-08-28/1975-06-30/1977-07-22"
"054-013","1977-07-22"
"054-014","1973-09-20/1975-06-12"
"054-015","1974-08-28/1975-06-12/1976-06-06"
"054-016","1973-09-20/1975-06-30"
"055-008","1977-07-23"
"055-009","1977-07-23"
"055-010","1975-07-01/1977-07-23/1977-08-28"
"055-011","1974-08-29/1977-07-23/1977-08-28"
"055-012","1974-07-06/1977-07-23"
"055-013","1973-09-21/1975-07-01/1975-09-29"
"055-015","1974-07-06/1975-05-08"
"056-010","1974-07-07/1974-08-12/1977-07-06"
"056-011","1974-07-07/1977-07-06/1977-08-29"
"056-012","1972-08-22/1977-10-04"
"056-014","1974-07-07"
"056-015","1975-05-27"
"056-024","1975-11-05"
"057-009","1974-07-26"
"057-010","1973-06-25/1973-09-05"
"057-011","1972-08-23/1977-08-30"
"057-012","1974-07-08/1975-08-08"
"057-013","1974-07-08"
"057-014","1973-05-20/1973-06-25/1974-06-20/1974-07-26/1974-08-31/1975-04-04/1977-06-19"
"057-015","1973-06-07/1974-07-26/1975-06-15/1977-06-19"
"058-008","1974-07-27"
"058-009","1975-07-04"
"058-010","1972-08-06/1972-08-24/1975-09-14/1977-08-31"
"058-011","1974-07-27/1975-07-04/1975-08-09/1975-09-14/1977-07-26"
"058-012","1975-08-09/1975-09-14/1977-08-31"
"058-013","1972-08-06/1974-06-21/1974-07-27/1975-07-04/1977-07-26/1977-08-31"
"058-014","1975-06-16/1975-08-09/1975-08-27/1975-09-14/1977-07-26"
"058-015","1972-08-06"
"059-008","1974-07-10/1974-07-28/1977-07-27"
"059-009","1977-07-27"
"059-010","1974-07-28/1977-09-19"
"059-011","1974-07-28/1977-07-27"
"059-012","1974-09-20"
"059-013","1972-08-25/1974-06-22/1974-07-10/1977-07-27"
"059-014","1973-06-09/1973-09-25/1974-07-28/1974-09-20/1977-07-27"
"060-003","1974-07-29"
"060-008","1974-07-29"
"060-010","1974-07-29"
"060-011","1974-07-29"
"060-013","1972-09-13/1973-06-10"
"060-014","1974-07-29"
"061-008","1977-07-29"
"061-010","1973-09-27/1974-07-30/1977-07-29"
"061-011","1972-08-28/1977-08-16"
"061-012","1974-07-12/1975-07-07/1977-07-29/1977-08-16"
"061-013","1974-06-06"
"062-010","1975-08-13/1977-07-30"
"062-011","1974-07-13/1975-08-13/1977-07-30"
"062-012","1972-08-10/1975-08-31/1977-07-30"
"063-008","1977-07-13"
"063-009","1977-07-13"
"063-010","1972-09-16/1973-09-11/1974-08-01/1975-06-21/1975-09-19/1977-07-13"
"063-011","1975-09-19/1977-07-13"
"064-002","1977-08-19"
"064-008","1977-08-19/1977-09-06"
"064-010","1973-09-12/1974-07-15"
"064-011","1974-06-27/1975-08-15/1977-08-19/1977-09-06"
"064-012","1974-08-02"
"064-013","1972-08-30/1975-08-15/1977-08-19/1977-09-06"
"065-008","1974-07-16/1975-09-03"
"065-009","1974-07-16/1974-08-03/1975-06-23/1975-08-16/1977-09-07"
"065-010","1972-07-26/1974-07-16/1975-08-16/1977-08-20"
"065-011","1974-09-08/1975-08-16"
"065-012","1972-07-26/1975-08-16/1977-08-20"
"065-013","1972-08-31/1974-07-16/1974-08-03/1975-08-16"
"066-008","1974-08-22"
"066-009","1972-07-27/1973-06-16/1974-07-17/1975-06-24/1975-08-17"
"066-010","1972-07-27/1974-07-17/1975-08-17/1977-07-16"
"066-011","1974-07-17/1975-06-06/1975-08-17/1977-07-16/1977-08-03"
"066-012","1972-07-27/1975-08-17/1977-06-10"
"066-013","1972-07-27/1972-09-19/1974-06-11/1977-07-16"
"066-019","1973-09-14"
"067-003","1973-07-05/1974-08-23/1977-07-17"
"067-004","1974-08-23"
"067-007","1974-07-18/1975-06-25/1975-07-13"
"067-009","1972-07-29/1974-07-18/1974-08-05/1974-08-23/1977-07-17"
"067-010","1974-07-18/1974-08-05/1974-08-23/1975-06-25/1977-07-17/1977-08-22"
"067-012","1977-07-17/1977-08-22"
"068-003","1974-08-24"
"068-007","1975-08-19"
"068-008","1973-09-16/1974-08-24/1975-07-14/1975-08-19/1977-09-10"
"068-009","1972-07-29/1974-08-24"
"068-010","1972-07-29/1973-09-16/1974-07-19/1974-08-24/1975-07-14/1977-08-05"
"068-011","1975-06-26/1975-07-14/1977-09-10"
"069-007","1975-06-27/1975-08-20/1977-07-19/1977-08-24"
"069-008","1972-09-04/1975-08-20"
"069-010","1972-09-04/1972-09-22/1973-07-07/1973-09-17/1974-08-07/1975-07-15/1975-08-20/1977-07-19/1977-08-06/1977-08-24"
"069-011","1973-09-17/1977-08-06"
"070-010","1972-07-31/1973-08-31/1973-09-18/1974-08-08"
"070-011","1973-06-20/1977-08-07"
"071-006","1973-09-01"
"071-007","1973-09-01"
"071-010","1975-08-04/1977-07-21"
"071-011","1973-09-01/1977-07-21"
"071-015","1972-09-06"
"072-011","1973-09-02"
"075-005","1972-08-23"
"075-013","1973-10-29"
"076-010","1972-09-11"
"076-017","1973-09-06"
"077-014","1974-06-22"
"078-010","1973-07-16"
"079-010","1974-07-12/1974-09-04"
"079-019","1974-10-10"
"080-010","1973-09-10/1974-07-31"
"080-019","1972-09-15"
"080-020","1973-11-03/1974-03-27"
"080-022","1973-03-14"
"081-010","1973-09-11/1974-06-26/1974-07-14/1974-09-06/1977-07-13"
"081-015","1972-08-11/1977-07-13"
"081-016","1972-08-11"
"081-021","1972-09-16"
"082-010","1972-09-17/1974-07-15/1974-08-02/1977-07-31/1977-08-01"
"082-017","1973-05-27/1977-06-25"
"083-010","1977-08-01"
"083-011","1972-07-27/1973-10-01/1977-07-14/1977-07-16"
"083-018","1972-09-18/1974-05-23/1974-06-28/1974-08-03"
"084-010","1973-09-14/1974-07-17/1974-08-04"
"084-011","1972-07-27/1974-07-17"
"084-016","1974-09-27"
"084-017","1972-09-19/1974-09-09"
"084-018","1973-08-27/1973-11-07/1974-03-31/1974-05-24/1974-08-04"
"085-010","1974-08-23"
"085-011","1977-06-29"
"085-013","1973-10-03"
"085-017","1974-08-05/1977-06-29/1977-08-22"
"085-018","1974-02-24/1974-06-30/1974-08-05"
"086-010","1974-08-24/1974-09-11/1977-07-18/1977-08-04"
"086-013","1974-07-19"
"086-014","1977-07-18"
"086-016","1977-08-24"
"086-017","1977-06-29/1977-08-24"
"087-009","1974-07-20"
"087-010","1977-07-18/1977-07-19"
"087-013","1977-07-19"
"087-016","1973-11-28"
"087-017","1973-11-28/1974-07-02/1977-06-30/1977-08-23"
"088-009","1972-08-01"
"088-010","1973-09-18/1974-07-21/1977-07-01"
"088-011","1972-09-05"
"088-013","1974-08-08"
"089-010","1972-08-01"
"089-013","1972-09-06/1977-07-03"
"089-015","1977-08-26"
"089-016","1972-08-01/1974-07-04/1977-08-26/1977-08-27"
"090-010","1974-07-23/1977-07-22"
"090-012","1974-07-23"
"090-014","1977-07-22"
"090-015","1974-07-05/1977-07-22"
"090-016","1972-08-02/1974-07-05/1974-07-23/1977-08-26"
"091-010","1977-07-23"
"091-012","1973-09-03"
"091-013","1973-09-03/1974-07-24"
"091-014","1974-10-04"
"091-015","1972-09-26/1973-10-09/1974-07-06/1974-10-04"
"091-016","1973-10-09"
"092-013","1972-08-22/1977-07-23"
"092-014","1972-08-22"
"093-013","1972-08-05"
"096-013","1974-07-11"
"097-012","1974-07-30"
"099-014","1974-07-14"
"099-015","1972-10-04"
"099-017","1972-08-29/1972-10-04"
"100-011","1974-08-20"
"101-011","1974-06-28/1974-08-03"
"104-081","1973-07-25"
"105-065","1972-08-18"
"107-018","1973-10-25"
"108-078","1972-08-03"
"109-079","1973-09-04"
"111-082","1972-08-24"
"112-010","1972-09-12"
"112-030","1973-01-16"
"115-036","1973-02-06"
"116-012","1974-08-01"
"116-036","1972-12-15/1973-01-20"
"117-011","1974-08-02"
"117-027","1973-01-21/1973-02-08"
"119-035","1973-01-23"
"120-080","1974-06-12"
"122-034","1972-10-28"
"122-054","1973-01-08"
"123-032","1973-10-06"
"127-060","1972-12-08"
"133-009","1973-07-18"
"134-010","1972-09-16"
"136-047","1973-01-04"
"138-034","1973-11-26/1974-01-01"
"138-046","1972-12-01"
"140-034","1973-01-26"
"141-030","1972-09-05"
"141-031","1972-09-05"
"142-029","1972-10-30"
"142-032","1972-11-17/1973-01-10/1974-01-05"
"142-033","1973-10-07"
"144-029","1973-10-27"
"144-030","1972-10-14"
"144-031","1973-01-30"
"146-032","1973-10-29"
"147-033","1974-01-10"
"147-034","1973-11-17"
"149-032","1973-11-01"
"150-032","1973-02-23"
"150-033","1972-10-02/1973-02-23"
"151-042","1972-12-14"
"152-033","1973-09-11"
"152-034","1973-09-11"
"153-011","1972-09-17"
"153-031","1973-01-03"
"154-031","1972-09-18"
"157-033","1972-10-09/1972-10-27"
"157-034","1973-10-22"
"159-038","1973-03-04"
"160-033","1973-02-15/1973-10-07"
"161-028","1972-09-25"
"162-028","1972-09-08"
"162-031","1972-09-26"
"162-039","1973-01-30"
"163-027","1973-10-28"
"163-040","1973-02-18"
"164-027","1972-09-10/1973-11-16"
"164-029","1972-09-10"
"164-043","1972-10-16/1973-02-19"
"165-029","1973-11-17"
"165-042","1972-11-04"
"166-009","1972-09-13"
"166-012","1973-06-27"
"166-039","1973-03-11"
"167-031","1972-10-01"
"167-039","1972-10-01"
"167-041","1972-10-01/1972-10-19/1973-06-28"
"167-042","1973-03-12"
"168-030","1973-03-13"
"168-039","1972-10-02"
"168-041","1972-09-14"
"169-026","1972-10-03"
"169-030","1972-11-26"
"169-035","1972-10-03"
"169-044","1972-10-03/1973-01-19"
"169-047","1972-10-21/1973-01-19"
"170-030","1974-05-21"
"170-042","1973-02-25"
"170-045","1972-12-15"
"170-047","1973-02-07/1973-02-25/1973-03-15"
"170-048","1972-11-27/1973-01-02/1973-02-07"
"171-038","1973-03-16"
"171-046","1973-02-08/1973-02-26/1973-03-16"
"171-047","1972-11-28/1973-02-08/1973-02-26"
"171-048","1972-10-05/1972-11-28/1972-12-16/1973-01-21/1973-02-08/1973-02-26/1973-10-18"
"172-047","1972-11-11/1973-02-27"
"172-048","1972-09-18/1972-10-06/1972-11-11/1973-01-22/1973-02-27"
"172-052","1973-01-22"
"173-031","1973-07-22"
"173-032","1972-10-25/1973-07-22/1973-10-20"
"173-047","1973-01-23/1973-02-10"
"173-048","1973-01-05/1973-01-23/1973-10-20"
"173-049","1973-01-23/1973-10-20"
"173-052","1973-01-23/1973-02-10"
"173-054","1972-10-25"
"174-029","1973-09-15"
"174-041","1973-01-24/1973-03-01"
"174-044","1973-03-19"
"174-048","1973-02-11"
"174-049","1973-01-06/1973-02-11"
"174-050","1973-01-06"
"175-028","1973-12-15"
"175-029","1973-08-11"
"175-031","1972-09-03"
"175-041","1972-09-03/1973-08-29/1973-09-16/1973-10-04/1973-10-22"
"175-048","1972-12-02/1973-01-25/1973-10-04"
"175-049","1973-01-07"
"176-029","1973-06-19"
"176-037","1972-09-04"
"176-048","1972-10-10/1973-10-05"
"176-051","1972-09-04/1973-02-13"
"176-053","1972-09-04"
"176-059","1973-01-26"
"177-044","1973-01-09"
"177-048","1972-09-05/1972-12-22/1973-01-09"
"177-049","1973-01-09"
"177-050","1973-01-09"
"177-051","1972-11-16/1973-02-14"
"178-030","1973-11-12"
"178-042","1973-01-10"
"178-043","1972-09-24"
"178-045","1973-01-10"
"178-048","1972-09-24/1972-10-30"
"179-028","1974-01-06"
"179-044","1972-11-18"
"179-045","1973-03-06/1973-03-24"
"179-046","1972-12-06/1973-02-16"
"179-050","1973-03-06"
"179-057","1972-12-24/1973-01-29"
"180-037","1973-01-12"
"180-040","1972-12-07"
"180-043","1972-09-26"
"180-045","1972-11-19/1973-01-12"
"180-050","1972-12-25/1973-01-30"
"180-052","1973-01-30"
"180-059","1972-11-19"
"181-044","1972-09-09/1972-12-08/1973-01-13"
"181-045","1972-09-09/1973-01-13"
"181-050","1972-11-02"
"182-040","1972-11-21/1972-12-27/1973-03-27"
"182-041","1972-12-27"
"182-042","1973-03-27/1973-10-11"
"182-043","1972-09-28/1972-12-27"
"182-044","1972-09-10/1973-02-01"
"182-048","1972-09-28/1972-12-09/1973-02-19"
"182-049","1973-02-19"
"182-050","1972-12-09"
"182-058","1972-12-27"
"183-037","1972-11-22/1975-10-20/1976-01-18/1976-02-05"
"183-038","1972-11-22/1975-10-20/1975-11-25/1975-12-31/1976-01-18/1976-02-05/1976-05-23"
"183-039","1975-12-31"
"183-042","1972-09-29/1973-06-08"
"183-047","1972-11-22"
"184-037","1975-11-08"
"184-038","1972-11-23/1973-02-21/1973-03-11/1975-11-08/1976-01-01/1976-01-19/1976-02-06/1976-07-17"
"184-039","1973-03-11/1976-01-19"
"184-040","1972-12-11/1975-11-08/1975-11-26/1976-01-01"
"184-041","1972-12-29/1973-02-21/1973-03-11/1975-10-21/1975-11-08/1975-12-14/1976-01-01/1976-02-06/1976-07-17"
"184-042","1973-02-21/1973-03-11"
"184-043","1972-12-29/1973-02-21/1973-03-11/1973-07-15"
"185-036","1975-11-09"
"185-037","1973-11-19/1975-10-04/1975-10-22/1975-11-09/1976-07-18/1976-10-16"
"185-038","1975-11-09/1976-01-02"
"185-039","1972-09-13/1975-10-04/1975-10-22/1975-11-09/1975-12-15/1976-07-18/1976-10-16"
"185-040","1972-12-30/1975-05-13/1975-10-04/1975-10-22/1975-11-09/1976-01-02/1976-05-07"
"185-042","1976-05-07"
"185-043","1972-09-13"
"185-044","1973-02-04/1973-10-14"
"185-045","1972-12-12/1973-02-22"
"185-047","1972-11-24"
"186-037","1972-09-14/1972-10-02/1975-05-14/1975-10-05/1975-10-23/1975-11-10/1975-11-28/1975-12-16/1976-01-21/1976-02-08/1976-05-08/1976-10-17"
"186-038","1972-10-02/1975-10-05/1975-11-28/1976-01-21/1976-10-17"
"186-039","1972-09-14/1975-05-14/1975-11-28"
"186-042","1972-10-02/1973-02-23/1973-10-15/1976-10-17"
"186-043","1975-07-07/1975-11-10/1976-07-19"
"186-044","1972-09-14/1972-12-13/1973-02-05/1975-05-14/1975-10-23/1975-11-10"
"187-038","1973-01-19"
"187-039","1976-01-22"
"187-040","1975-10-24"
"187-042","1972-10-03/1973-02-06/1975-11-11/1976-01-04/1976-01-22/1976-02-09"
"187-043","1973-02-06/1976-10-18"
"187-044","1972-12-14/1973-02-24/1973-09-28"
"187-046","1972-10-03/1973-01-19"
"188-039","1972-10-22/1972-12-15/1975-10-25/1975-11-12/1976-10-19"
"188-040","1976-01-23"
"188-042","1972-11-09/1973-10-17/1975-11-12"
"188-043","1973-10-17/1976-01-23"
"188-044","1972-10-04"
"188-047","1972-11-09"
"189-011","1973-07-20"
"189-039","1975-11-13/1975-12-01/1975-12-19"
"189-040","1972-11-10/1976-02-11"
"189-041","1975-12-01"
"189-042","1975-04-29/1975-11-13/1975-12-01/1976-01-06/1976-02-11/1976-07-22"
"189-043","1976-02-11"
"189-044","1973-05-09/1975-12-01"
"189-045","1972-11-10/1975-11-13/1975-12-01/1976-02-11"
"189-046","1972-11-10"
"189-047","1973-02-08"
"189-048","1972-10-05"
"189-052","1972-11-10"
"189-074","1973-09-12"
"190-011","1973-07-21"
"190-036","1972-10-06/1973-01-04/1975-12-02/1976-01-07"
"190-039","1972-12-17"
"190-042","1973-01-22/1973-02-09/1975-11-14/1975-12-20/1976-01-07/1976-02-12/1976-05-12"
"190-043","1973-02-09/1975-10-09/1975-11-14/1976-01-07"
"190-044","1976-02-12"
"190-045","1972-11-11/1973-01-22/1975-10-09/1975-11-14/1976-01-07/1976-02-12/1976-05-30/1976-06-17/1976-07-23"
"190-046","1972-11-11/1973-02-09/1976-05-12"
"190-047","1972-11-11/1973-01-04/1973-01-22"
"190-048","1973-01-04/1973-02-09"
"190-049","1973-01-22"
"191-040","1972-09-19/1975-10-10/1975-10-28/1975-11-15/1976-01-08/1976-02-13"
"191-041","1972-11-12/1972-12-18/1975-10-10/1975-10-28"
"191-042","1972-11-12/1973-06-16/1975-06-24/1975-07-12/1975-10-28/1975-11-15/1975-12-21/1976-01-08/1976-09-16"
"191-043","1975-10-10/1975-10-28/1975-11-15/1975-12-21/1976-01-08/1976-02-13/1976-05-13"
"191-044","1972-11-12/1972-12-18/1975-10-10/1975-10-28/1975-11-15/1975-12-21/1976-01-08/1976-02-13"
"191-045","1976-01-08"
"191-049","1973-05-11"
"191-050","1972-11-12/1972-12-18/1973-02-10"
"192-011","1973-07-23"
"192-043","1973-01-06/1973-02-11/1973-05-30/1973-10-03/1975-07-13/1976-01-09"
"192-044","1972-12-01/1973-01-06"
"192-045","1972-12-01/1975-10-11/1975-11-16"
"192-046","1972-12-19/1973-01-06/1975-05-02/1976-01-27"
"192-047","1972-12-19/1973-02-11/1973-11-08/1973-11-26/1973-12-14"
"192-048","1972-09-20"
"192-073","1972-12-19"
"193-039","1973-01-07/1973-02-12"
"193-042","1972-09-03/1973-01-07/1973-01-25/1973-02-12/1973-03-02/1975-05-03/1975-05-21/1975-10-12/1975-10-30/1975-11-17/1976-01-28/1976-02-15/1976-05-15"
"193-043","1972-09-03/1975-05-21/1975-06-08/1975-10-12/1975-11-17/1976-01-10/1976-02-15"
"193-044","1973-01-07/1975-10-12/1975-10-30/1975-11-17/1976-01-28"
"193-045","1973-02-12/1975-11-17"
"193-046","1973-01-07/1973-02-12/1975-10-12/1976-01-28/1976-02-15"
"193-047","1972-09-03/1973-02-12/1973-03-02"
"193-048","1972-11-14/1973-01-25/1973-03-02"
"194-013","1972-10-28"
"194-035","1975-05-22/1975-10-13"
"194-036","1975-05-04/1975-10-13"
"194-039","1976-01-29/1976-05-16"
"194-042","1972-09-22/1972-11-15/1973-01-08/1973-01-26/1975-11-18/1975-12-24/1976-01-11/1976-02-16"
"194-043","1972-09-22/1973-01-08/1973-02-13/1975-05-04/1975-05-22/1975-11-18/1975-12-24/1976-01-11/1976-01-29/1976-02-16"
"194-044","1972-11-15/1975-11-18/1975-12-24/1976-01-29/1976-02-16"
"194-045","1975-05-22/1975-10-13/1975-12-24/1976-01-29/1976-02-16"
"194-046","1972-11-15/1975-10-13/1975-12-24/1976-01-29"
"194-047","1972-09-22"
"194-048","1973-02-13"
"195-034","1975-07-16/1975-10-14/1976-05-17"
"195-038","1975-05-23/1975-07-16/1975-11-19"
"195-039","1975-07-16/1975-10-14/1976-01-30"
"195-042","1972-11-16/1975-05-05/1975-05-23/1975-06-10/1975-07-16/1975-10-14/1975-11-01/1975-11-19/1975-12-25/1976-01-30/1976-02-17/1976-06-04/1976-07-10/1976-09-20"
"195-043","1973-11-11/1975-10-14/1975-11-19/1975-12-25/1976-01-12/1976-02-17/1976-09-20"
"195-044","1973-01-27/1975-10-14/1975-11-01/1975-11-19/1975-12-25/1976-02-17"
"195-045","1975-10-14/1975-11-19/1975-12-25/1976-01-12"
"195-046","1975-11-19/1975-12-25"
"195-048","1973-01-27"
"196-036","1975-05-24/1975-06-11"
"196-037","1972-08-01/1972-09-06/1972-09-24/1975-06-29/1975-10-15/1975-12-26"
"196-038","1975-11-02"
"196-039","1972-10-30/1975-11-02"
"196-043","1972-09-24/1972-10-30/1975-11-02/1975-12-26/1976-01-13"
"196-044","1972-10-30/1975-11-02/1975-12-26"
"196-045","1975-12-26/1976-02-18"
"196-046","1972-10-30/1975-12-26"
"196-051","1973-01-28"
"197-037","1972-09-07/1973-02-16/1975-10-16"
"197-040","1975-11-21"
"197-041","1975-11-21"
"197-043","1972-10-31/1973-01-29/1973-02-16/1975-10-16"
"197-044","1973-03-24/1976-02-01/1976-02-19"
"197-050","1972-09-25/1972-10-31/1973-01-29/1973-02-16"
"197-051","1973-01-29"
"198-037","1972-09-08"
"198-041","1972-09-26/1973-01-30/1973-02-17/1975-07-19/1975-09-29/1975-12-28/1976-02-02/1976-02-20/1976-06-25"
"198-042","1972-09-26/1973-01-30/1973-02-17/1975-10-17/1975-12-28/1976-01-15/1976-02-02/1976-02-20"
"198-043","1973-02-17/1975-09-29/1975-10-17/1975-12-28"
"198-044","1972-09-26/1973-01-30/1973-02-17/1973-03-07/1975-10-17/1975-12-28/1976-02-02"
"198-046","1973-01-30/1973-02-17/1976-02-02"
"198-047","1972-09-26"
"199-012","1972-09-09"
"199-040","1975-10-18/1975-11-05/1976-01-16/1976-02-21"
"199-041","1972-09-27/1973-01-31/1975-04-21/1975-05-27/1975-06-14/1975-07-02/1975-11-05/1975-11-23/1975-12-11/1975-12-29/1976-01-16/1976-06-26"
"199-042","1973-01-31/1973-10-10/1975-04-21/1975-05-09/1975-07-02/1975-11-05/1975-12-29/1976-01-16/1976-05-21"
"199-044","1976-06-26"
"199-045","1973-03-26/1975-10-18/1975-11-23/1975-12-11/1976-01-16/1976-02-03/1976-02-21/1976-05-21"
"199-046","1973-03-08/1973-03-26/1975-04-21/1975-11-05/1975-11-23/1975-12-11/1975-12-29/1976-01-16/1976-02-03/1976-02-21"
"200-033","1975-07-21"
"200-039","1973-02-01/1975-11-06"
"200-040","1975-05-28/1975-06-15/1975-11-06/1976-05-22"
"200-041","1972-09-28/1973-02-01/1975-10-19/1976-01-17/1976-02-22"
"200-042","1972-09-28/1975-04-22/1975-07-03/1975-11-06/1975-12-30/1976-01-17/1976-02-04/1976-02-22/1976-05-22"
"200-043","1975-04-22/1975-10-19"
"200-044","1975-10-19/1976-01-17"
"200-045","1975-11-06/1976-02-22"
"200-046","1973-02-01/1975-04-22/1975-05-10/1975-06-15/1975-10-19/1975-11-06/1975-12-30/1976-01-17/1976-02-22/1976-05-22"
"201-038","1972-11-04/1975-10-20/1975-11-25/1976-01-18"
"201-039","1972-11-04/1973-02-02/1975-11-25"
"201-040","1975-04-23/1975-11-25/1976-05-05"
"201-041","1973-01-15/1975-11-25/1976-01-18"
"201-042","1973-02-02/1973-03-28/1973-06-08/1975-07-04/1975-10-02/1975-10-20/1975-11-25/1976-01-18"
"201-044","1973-02-02"
"201-045","1973-02-02"
"201-046","1973-03-10/1973-06-08/1975-10-02/1976-02-05"
"202-011","1972-09-13"
"202-037","1972-11-05/1975-11-08/1975-12-14"
"202-038","1972-11-05/1975-10-21/1975-11-08/1976-01-01"
"202-039","1972-11-05/1975-10-21/1975-11-08/1975-12-14/1976-01-19/1976-02-06"
"202-040","1972-11-05/1975-11-08/1975-12-14/1976-01-19"
"202-041","1972-11-05/1975-04-24/1975-07-05/1975-11-08/1976-01-19"
"202-044","1975-10-21"
"202-045","1973-02-03/1975-10-21/1975-11-08/1975-12-14"
"202-047","1972-11-05/1973-03-11/1975-10-21/1975-11-08/1975-12-14/1976-01-19"
"202-048","1973-02-21"
"203-033","1975-12-15"
"203-035","1975-10-22"
"203-037","1972-08-08/1972-11-06/1975-10-22/1975-11-09/1975-12-15/1976-01-02"
"203-038","1972-10-01/1972-11-06/1975-10-22/1975-11-09/1976-01-02"
"203-039","1972-10-01/1975-10-22/1975-11-09/1976-01-02"
"203-040","1972-10-01/1972-11-06/1973-02-04/1975-10-04/1975-10-22/1975-11-09/1975-12-15/1976-01-02/1976-01-20/1976-10-16"
"203-042","1972-10-01"
"203-043","1972-10-01/1972-11-06/1975-11-09"
"203-044","1972-08-08/1975-05-13/1975-10-22"
"203-045","1972-11-06/1973-02-04/1976-01-20/1976-10-16"
"203-046","1972-10-01/1972-11-06/1975-06-18/1975-10-22/1975-11-09/1975-12-15/1976-01-20/1976-05-07"
"203-047","1972-10-01/1972-11-06/1975-10-22/1976-05-25"
"203-048","1972-11-06"
"204-027","1976-04-20"
"204-029","1975-04-26"
"204-030","1975-10-05"
"204-038","1972-11-07/1975-10-05/1976-10-17"
"204-039","1972-10-02/1972-11-07/1976-02-08"
"204-040","1975-12-16/1976-02-08"
"204-042","1975-12-16/1976-02-08/1976-10-17"
"204-043","1972-10-02/1975-12-16/1976-02-08"
"204-044","1975-10-05"
"204-046","1975-10-05"
"204-047","1975-04-26/1975-10-05/1975-12-16"
"205-018","1976-05-09"
"205-037","1975-10-24/1975-11-29/1976-01-04/1976-10-18"
"205-039","1972-11-08/1976-02-09"
"205-042","1976-10-18"
"205-044","1972-11-08/1976-02-09"
"205-045","1976-01-04/1976-01-22/1976-02-09"
"205-046","1975-04-27/1976-01-22/1976-02-09"
"205-048","1974-01-14"
"206-018","1973-03-15/1976-04-04/1976-05-10"
"206-019","1976-05-10"
"206-020","1975-04-28"
"206-036","1975-04-28"
"206-037","1972-11-09/1975-11-30/1976-05-10"
"206-038","1972-08-29"
"206-039","1976-01-23"
"206-040","1973-02-07/1975-10-25/1975-11-30/1976-01-23/1976-02-10/1976-10-19"
"206-044","1975-11-30"
"206-045","1972-08-11/1972-08-29/1973-03-15/1975-04-28/1975-10-25/1975-11-30"
"207-018","1975-04-29"
"207-031","1972-08-12/1975-04-29/1975-06-22/1975-10-08/1976-07-22"
"207-036","1975-10-26/1976-01-06"
"207-037","1972-11-10/1975-10-08/1975-12-01"
"207-038","1975-10-26"
"207-039","1973-01-21/1975-11-13/1976-01-06"
"207-040","1975-04-29/1975-10-08/1975-10-26/1975-11-13/1975-12-01/1976-01-06"
"207-041","1975-10-26"
"207-043","1975-11-13"
"207-044","1975-10-26"
"207-045","1975-10-26/1975-11-13/1975-12-01/1975-12-19"
"207-046","1972-11-10/1973-11-05/1973-12-29/1974-02-03/1975-11-13"
"207-047","1972-08-12"
"208-036","1972-11-11/1975-10-09/1975-10-27"
"208-039","1972-11-11/1975-10-27"
"208-040","1972-08-13/1972-11-11/1973-01-22/1973-10-01/1975-10-09/1975-10-27/1975-11-14/1976-05-12/1976-06-17"
"208-041","1972-11-11/1973-01-22/1975-04-30/1975-10-09/1976-02-12"
"208-042","1976-01-07"
"208-044","1975-11-14"
"208-046","1976-01-07"
"209-036","1975-12-21"
"209-038","1972-11-12/1975-10-10/1975-10-28/1975-12-21/1976-01-08"
"209-039","1975-10-10/1975-11-15/1976-02-13"
"209-040","1972-11-12/1973-10-02/1975-07-12/1975-10-28/1975-12-21/1976-01-08"
"209-041","1973-10-02/1975-10-10/1975-11-15"
"209-042","1975-11-15"
"209-043","1972-11-12/1975-10-28/1975-11-15"
"210-038","1972-11-13/1975-10-29/1976-01-09"
"210-039","1975-10-29/1976-01-09"
"210-040","1972-11-13/1975-05-02/1975-10-29/1976-03-21"
"210-041","1972-08-15/1972-11-13/1975-10-29/1976-01-09/1976-01-27/1976-02-14"
"210-042","1976-02-14"
"210-045","1975-10-29/1976-01-09"
"211-033","1975-07-14"
"211-037","1975-10-12/1976-01-28"
"211-038","1972-11-14/1973-01-25/1975-12-23/1976-01-28"
"211-039","1973-01-25"
"211-044","1973-12-15"
"212-019","1972-09-04"
"212-031","1975-05-04"
"212-039","1972-11-15/1976-01-11/1976-01-29/1976-02-16"
"212-040","1975-10-13/1976-01-29"
"212-043","1976-04-10"
"213-035","1972-09-23/1972-11-16/1975-10-14/1975-12-25/1976-01-12"
"213-036","1976-01-12"
"213-037","1972-09-23"
"213-039","1975-11-19/1976-02-17"
"213-040","1976-01-12"
"213-041","1972-11-16/1975-10-14/1975-11-19"
"214-036","1976-01-31"
"214-039","1976-09-21"
"214-040","1976-02-18"
"214-041","1976-01-31"
"215-030","1975-05-25"
"215-036","1975-10-16/1976-02-01"
"215-037","1972-09-25/1975-10-16"
"215-039","1975-10-16/1975-11-03/1975-11-21/1976-01-14"
"215-040","1975-11-21/1975-12-27/1976-02-01"
"215-047","1972-09-25"
"216-040","1974-01-25/1975-11-04/1975-12-28"
"216-041","1975-11-04/1975-12-28/1976-01-15/1976-02-02"
"216-042","1975-10-17/1975-11-04/1976-01-15/1976-02-20"
"216-048","1973-04-12/1974-01-07"
"217-015","1976-06-26"
"217-038","1975-10-18/1975-11-05"
"217-039","1975-04-21/1975-11-05/1976-03-28"
"217-040","1975-09-30/1975-10-18/1975-11-05/1975-11-23"
"217-041","1975-09-30/1975-11-05/1975-11-23/1975-12-11"
"218-015","1974-05-15"
"218-023","1975-10-01"
"218-038","1975-11-06/1976-02-22"
"218-039","1973-03-27"
"218-040","1973-09-05"
"218-043","1972-11-03"
"219-037","1973-02-20"
"219-038","1972-08-06/1975-04-23"
"219-040","1973-02-20/1975-11-25"
"219-043","1972-08-06/1972-09-29/1972-12-10/1973-03-10"
"220-042","1972-09-30/1972-11-05/1973-02-21"
"220-047","1973-02-21"
"221-040","1972-11-06"
"221-042","1972-11-06/1972-11-24/1972-12-12/1973-02-22"
"224-024","1975-11-30"
"225-048","1972-08-12"
"237-014","1973-08-19"
"245-090","1973-03-18"
"245-091","1973-03-18"
"246-090","1973-03-01"
"247-090","1973-03-20"
"249-072","1972-07-31"
